"id";"order_no";"title";"activated";"category_id";"created_by";"last_modified_by"
"1";"1";"Group1";"true";"1";"system";"system"
"2";"2";"Group2";"false";"2";"system";"system"
"3";"3";"Group3";"true";"3";"system";"system"
"4";"4";"Group4";"true";"1";"system";"system"
"5";"5";"Group5";"false";"2";"system";"system"
"6";"6";"Group6";"true";"3";"system";"system"
"7";"7";"Group7";"false";"1";"system";"system"
"8";"8";"Group8";"true";"2";"system";"system"
"9";"9";"Group9";"false";"3";"system";"system"
"10";"10";"Group10";"true";"1";"system";"system"
