"id";"order_no";"title";"activated";"subject_id";"created_by";"last_modified_by"
"1";"1";"Topic1";"true";"1";"system";"system"
"2";"2";"Topic2";"false";"2";"system";"system"
"3";"3";"Topic3";"true";"3";"system";"system"
"4";"4";"Topic4";"true";"1";"system";"system"
"5";"5";"Topic5";"false";"2";"system";"system"
"6";"6";"Topic6";"true";"3";"system";"system"
"7";"7";"Topic7";"false";"1";"system";"system"
"8";"8";"Topic8";"true";"2";"system";"system"
"9";"9";"Topic9";"false";"3";"system";"system"
"10";"10";"Topic10";"true";"1";"system";"system"
