"codebook_id";"description";"title";"order_no"
"10020";"1";"미혼";"1"
"10020";"2";"기혼";"2"
"10020";"3";"이혼";"3"
"10020";"4";"사별";"4"
"10020";"9";"기타";"5"
"10030";"1";"간";"1"
"10030";"2";"갑상선";"2"
"10030";"3";"골육종";"3"
"10030";"4";"구강";"4"
"10030";"5";"난소";"5"
"10030";"6";"뇌";"6"
"10030";"7";"담도";"7"
"10030";"8";"대장";"8"
"10030";"9";"신장";"9"
"10030";"10";"위";"10"
"10030";"11";"유방";"11"
"10030";"12";"자궁";"12"
"10030";"13";"전립선";"13"
"10030";"14";"췌장";"14"
"10030";"15";"폐";"15"
"10030";"16";"혈액";"16"
"10030";"99";"기타";"17"
"10040";"Y";"예";"1"
"10040";"N";"아니오";"2"
"10040";"Z";"무응답";"3"
"10050";"1";"막걸리";"1"
"10050";"2";"맥주";"2"
"10050";"3";"소주";"3"
"10050";"4";"양주";"4"
"10050";"8";"무응답";"5"
"10050";"9";"기타";"6"
"10060";"1";"48시간이내 사망";"1"
"10060";"2";"48시간이후 사망";"2"
"10060";"3";"가망없는퇴원";"3"
"10060";"4";"사망";"4"
"10060";"5";"악화";"5"
"10060";"6";"완쾌";"6"
"10060";"7";"자의퇴원";"7"
"10060";"8";"진단뿐";"8"
"10060";"9";"호전";"9"
"10060";"10";"호전안됨";"10"
"10060";"99";"기타";"11"
"10070";"1";"아버지";"1"
"10070";"2";"어머니";"2"
"10070";"3";"자녀";"3"
"10070";"4";"형제자매";"4"
"10070";"5";"친척";"5"
"10070";"98";"무응답";"6"
"10070";"99";"기타";"7"
"20010";"1";"제한없이 정상적이다";"1"
"20010";"2";"증상이 있으나 스스로 활동 가능하다";"2"
"20010";"3";"증상이 있으나 누워 지내는 시간은 하루의 반보다 적다";"3"
"20010";"4";"증상이 있으며 누워 지내는 시간이 하루의 절반이상이다";"4"
"20010";"5";"계속 누워 있어야 한다";"5"
"20010";"99";"기타";"6"
"20030";"1";"Local complication";"1"
"20030";"2";"Systemic complication";"2"
"20040";"1";"Anastomotic leakage";"1"
"20040";"2";"Anastomotic stricture";"2"
"20040";"3";"Cardiovascular complications";"3"
"20040";"4";"Central nervous system complications";"4"
"20040";"5";"Chylous ascites";"5"
"20040";"6";"Delayed gastric emptying (= gastric stasis)";"6"
"20040";"7";"Duodenal stump leakage";"7"
"20040";"8";"Endocrine system complications";"8"
"20040";"9";"Hepatic system complications";"9"
"20040";"10";"Intestinal obstruction (=ileus)";"10"
"20040";"11";"Intra-abdominal bleeding";"11"
"20040";"12";"Intra-abdominal fluid collection";"12"
"20040";"13";"Intraluminal bleeding";"13"
"20040";"14";"Pancreatic leakage";"14"
"20040";"15";"Respiratory complications";"15"
"20040";"16";"Urinary system complications";"16"
"20040";"17";"Wound complication";"17"
"20040";"99";"기타";"18"
"20050";"1";"Primary";"1"
"20050";"2";"Recurrence";"2"
"20050";"3";"Remnant";"3"
"20050";"4";"Meta";"4"
"20050";"9";"기타";"5"
"20060";"1";"Bone";"1"
"20060";"2";"Brain";"2"
"20060";"3";"Breast(non-OP site)";"3"
"20060";"4";"Breast(OP site)";"4"
"20060";"5";"Liver";"5"
"20060";"6";"LN";"6"
"20060";"7";"Lung";"7"
"20060";"8";"Ovary";"8"
"20060";"9";"Peritoneum";"9"
"20060";"99";"기타";"10"
"20070";"1";"Single lesion";"1"
"20070";"2";"Multiple lesion - synchronous";"2"
"20070";"3";"Multiple lesion - metachronous";"3"
"20070";"9";"기타";"4"
"20080";"1";"영상검사";"1"
"20080";"2";"조직검사";"2"
"20080";"9";"기타";"3"
"20090";"1";"위암(C16)";"1"
"20090";"2";"상피내암(D002)";"2"
"20090";"8";"기타암";"3"
"50030";"2";"Palpable";"2"
"20090";"9";"기타질환";"4"
"20100";"1";"유방암(C50)";"1"
"20100";"2";"상피내암(D05)";"2"
"20100";"8";"기타암";"3"
"20100";"9";"기타질환";"4"
"20120";"1";"Grade 1";"1"
"20120";"2";"Grade 2";"2"
"20120";"3";"Grade 3";"3"
"20120";"4";"Grade 3a";"4"
"20120";"5";"Grade 3b";"5"
"20120";"6";"Grade 4";"6"
"20120";"7";"Grade 4a";"7"
"20120";"8";"Grade 4b";"8"
"20120";"9";"Grade 5";"9"
"30010";"1";"A>";"1"
"30010";"2";"G>";"2"
"30010";"3";"C>";"3"
"30010";"4";"T>";"4"
"30020";"1";"A";"1"
"30020";"2";"G";"2"
"30020";"3";"C";"3"
"30020";"4";"T";"4"
"30020";"5";"Ins";"5"
"30020";"6";"Del";"6"
"30020";"7";"Dup";"7"
"30020";"8";"Unknown";"8"
"30030";"1";"M0";"1"
"30030";"2";"M1";"2"
"30030";"3";"MX";"3"
"30040";"1";"N(+)";"1"
"30040";"2";"N0";"2"
"30040";"3";"NX";"3"
"30050";"1";"T1a";"1"
"30050";"2";"T1b";"2"
"30050";"3";"T2";"3"
"30050";"4";"T3";"4"
"30050";"5";"T4a";"5"
"30050";"6";"T4b";"6"
"30050";"7";"TX";"7"
"30060";"1";"None";"1"
"30060";"2";"Bleeding";"2"
"30060";"3";"Perforation";"3"
"30060";"4";"Mallory-weiss tearing";"4"
"30060";"9";"기타";"5"
"30070";"1";"EGC-I";"1"
"30070";"2";"EGC-IIa";"2"
"30070";"3";"EGC-IIb";"3"
"30070";"4";"EGC-IIc";"4"
"30070";"5";"EGC-III";"5"
"30070";"6";"AGC-Bormann type 1";"6"
"30070";"7";"AGC-Bormann type 2";"7"
"30070";"8";"AGC-Bormann type 3";"8"
"30070";"9";"AGC-Bormann type 4";"9"
"30070";"10";"AGC-Bormann type 5";"10"
"30070";"11";"Combination";"11"
"30070";"99";"기타/Unclassifiable";"12"
"30080";"1";"Negative";"1"
"30080";"2";"Positive";"2"
"30080";"3";"Not evaluable";"3"
"30090";"1";"H.pylori IgG Ab";"1"
"30090";"2";"Histology(병리검사)";"2"
"30090";"3";"Rapid urease test(CLO test)";"3"
"30090";"4";"Urea Breath Test";"4"
"30090";"9";"기타";"5"
"30120";"Y";"Detected";"1"
"30120";"N";"Not detected";"2"
"30120";"Z";"Unknown";"3"
"30130";"1";"Apocrine differentiation";"1"
"30130";"2";"Apocrine metaplasia";"2"
"30130";"3";"Complex sclerosing lesion";"3"
"30130";"4";"Fibroadenoma";"4"
"30130";"5";"Foamy histiocytic collection";"5"
"30130";"6";"Foreign body reaction";"6"
"30130";"7";"Intraductal papilloma";"7"
"30130";"8";"Medullary feature";"8"
"30130";"9";"Microcalcification";"9"
"30130";"10";"Mucinous component";"10"
"30130";"11";"Sclerosing adenosis";"11"
"30130";"12";"Stromal degeneration";"12"
"30130";"13";"Stromal fibrosis";"13"
"30130";"14";"Usual ductal hyperplasia";"14"
"30130";"99";"기타";"15"
"30140";"1";"Score";"1"
"30140";"2";"%";"2"
"30160";"1";"Positive";"1"
"30160";"2";"Negative";"2"
"30160";"3";"Focal positive";"3"
"30160";"4";"Equivocal";"4"
"30160";"5";"Not evaluable";"5"
"30160";"99";"기타";"6"
"30170";"1";"AR";"1"
"30170";"2";"CK5/6";"2"
"30170";"3";"EBV";"3"
"30170";"4";"EGFR";"4"
"30170";"5";"ER";"5"
"30170";"6";"HER2";"6"
"30170";"7";"hMLH1";"7"
"30170";"8";"hMSH2";"8"
"30170";"9";"Ki67";"9"
"30170";"10";"MSH6";"10"
"30170";"11";"p53";"11"
"30170";"12";"PD-L1";"12"
"30170";"13";"PMS2";"13"
"30170";"14";"PR";"14"
"30170";"15";"TIL";"15"
"30170";"99";"기타";"16"
"30190";"1";"검사한 종양 세포의 핵 개수";"1"
"30190";"2";"핵당 HER2 평균수";"2"
"30190";"3";"핵당 CEP17 평균수";"3"
"30190";"4";"HER2/CEP17 비율";"4"
"30190";"9";"기타";"5"
"30200";"1";"Positive";"1"
"30200";"2";"Negative";"2"
"30200";"3";"Equivocal";"3"
"30200";"4";"Not evaluable";"4"
"30210";"1";"SISH";"1"
"30210";"2";"FISH";"2"
"30220";"1";"Positive";"1"
"30220";"2";"Negative";"2"
"30220";"3";"Equivocal";"3"
"30220";"4";"Not evaluable";"4"
"30230";"1";"EBV ISH";"1"
"30230";"2";"HER-2";"2"
"30230";"3";"Microsatellite instability(MSI)";"3"
"30230";"9";"기타";"4"
"30250";"1";"G1";"1"
"30250";"2";"G2";"2"
"30250";"3";"G3";"3"
"30250";"4";"Gx";"4"
"30250";"5";"High";"5"
"30250";"6";"Intermediate";"6"
"30250";"7";"Low";"7"
"30250";"99";"기타";"8"
"30260";"1";"Sanger sequencing";"1"
"30260";"2";"NGS";"2"
"30260";"9";"기타";"3"
"30270";"1";"BRCA1";"1"
"30270";"2";"BRCA2";"2"
"30270";"9";"기타";"3"
"30290";"1";"Biopsy";"1"
"30290";"2";"Computed tomography and biopsy";"2"
"30290";"3";"Endoscopic biopsy";"3"
"30290";"4";"Excision";"4"
"30290";"5";"Gun biopsy";"5"
"30290";"6";"Laparoscopic biopsy";"6"
"30290";"7";"Needle biopsy";"7"
"30290";"8";"Percutaneous liver biopsy";"8"
"30290";"9";"Surgical biopsy";"9"
"30290";"10";"Transjugular biopsy";"10"
"30290";"11";"Transjugular biopsy using fluoroscopic guidance";"11"
"30290";"12";"Ultrasound scan and biopsy";"12"
"30290";"13";"Vacuum Assisted Breast Biopsy(MMT)";"13"
"30290";"14";"Wedge biopsy";"14"
"30290";"99";"기타";"15"
"30310";"1";"Brain";"1"
"30310";"2";"Breast";"2"
"30310";"3";"Chest";"3"
"30310";"4";"Liver";"4"
"30310";"5";"LN";"5"
"30310";"6";"Lung";"6"
"30310";"7";"Stomach";"7"
"30310";"99";"기타";"8"
"30320";"1";"Left";"1"
"30320";"2";"Right";"2"
"30320";"3";"Bilateral";"3"
"30320";"9";"기타";"4"
"30330";"1";"R0";"1"
"30330";"2";"R1";"2"
"30330";"3";"R2";"3"
"30330";"9";"기타";"4"
"30340";"1";"Lesser curvature";"1"
"30340";"2";"Greater curvature";"2"
"30340";"3";"Anterior wall";"3"
"30340";"4";"Posterior wall";"4"
"30340";"5";"Encircling";"5"
"30340";"99";"기타";"6"
"30640";"1";"Cardia";"1"
"30640";"2";"Fundus";"2"
"30640";"3";"Body";"3"
"30640";"4";"Angle";"4"
"30640";"5";"Antrum";"5"
"30640";"6";"Pylorus";"6"
"30640";"99";"기타";"7"
"30650";"1";"Esophagus";"1"
"30650";"2";"Upper (EGJ 포함)";"2"
"30650";"3";"Middle";"3"
"30650";"4";"Lower";"4"
"30650";"5";"Duodenum";"5"
"30650";"6";"Entire (Whole)";"6"
"30650";"99";"기타";"7"
"30350";"1";"Ala(A)";"1"
"30350";"2";"Arg(R)";"2"
"30350";"3";"Asn(N)";"3"
"30350";"4";"Asp(D)";"4"
"30350";"5";"Cys(C)";"5"
"30350";"6";"Gln(Q)";"6"
"30350";"7";"Glu(E)";"7"
"30350";"8";"Gly(G)";"8"
"30350";"9";"His(H)";"9"
"30350";"10";"Ile(I)";"10"
"30350";"11";"Leu(L)";"11"
"30350";"12";"Lys(K)";"12"
"30350";"13";"Met(M)";"13"
"30350";"14";"Phe(F)";"14"
"30350";"15";"Pro(P)";"15"
"30350";"16";"Ser(S)";"16"
"30350";"17";"Thr(T)";"17"
"30350";"18";"Trp(W)";"18"
"30350";"19";"Tyr(Y)";"19"
"30350";"20";"Val(V)";"20"
"30350";"99";"기타";"21"
"30360";"1";"Ala(A)";"1"
"30360";"2";"Arg(R)";"2"
"30360";"3";"Asn(N)";"3"
"30360";"4";"Asp(D)";"4"
"30360";"5";"Cys(C)";"5"
"30360";"6";"del";"6"
"30360";"7";"dup";"7"
"30360";"8";"fs(Frame shift)";"8"
"30360";"9";"Gln(Q)";"9"
"30360";"10";"Glu(E)";"10"
"30360";"11";"Gly(G)";"11"
"30360";"12";"His(H)";"12"
"30360";"13";"Ile(I)";"13"
"30360";"14";"ins";"14"
"30360";"15";"Leu(L)";"15"
"30360";"16";"Lys(K)";"16"
"30360";"17";"Met(M)";"17"
"30360";"18";"Phe(F)";"18"
"30360";"19";"Pro(P)";"19"
"30360";"20";"Ser(S)";"20"
"30360";"21";"Thr(T)";"21"
"30360";"22";"Trp(W)";"22"
"30360";"23";"Tyr(Y)";"23"
"30360";"24";"Val(V)";"24"
"30360";"25";"*(Ter/Stop)";"25"
"30360";"99";"기타";"26"
"30370";"Y";"Positive";"1"
"30370";"N";"Negative";"2"
"30370";"Z";"Indeterminate";"3"
"30380";"Y";"Yes";"1"
"30380";"N";"No";"2"
"30380";"Z";"Unknown";"3"
"30400";"1";"Negative";"1"
"30400";"2";"Benign";"2"
"30400";"3";"Probably benign";"3"
"30400";"4";"Suspicous";"4"
"30400";"5";"Highly suggestive";"5"
"30400";"6";"Proven malignancy";"6"
"30400";"99";"기타";"7"
"30410";"1";"Bone scan";"1"
"30410";"2";"CT";"2"
"30410";"3";"DBT";"3"
"30410";"4";"Dexa";"4"
"30410";"5";"MMG";"5"
"30410";"6";"MRI";"6"
"30410";"7";"PET";"7"
"30410";"8";"PET-CT";"8"
"30410";"9";"SONO";"9"
"30410";"10";"X-ray";"10"
"30410";"99";"기타";"11"
"30430";"1";"Breast";"1"
"30430";"2";"Stomach";"2"
"30430";"3";"LN";"3"
"30430";"9";"기타";"4"
"30440";"1";"EGC-I";"1"
"30440";"2";"EGC-IIa";"2"
"30440";"3";"EGC-IIb";"3"
"30440";"4";"EGC-IIc";"4"
"30440";"5";"EGC-III";"5"
"30440";"6";"AGC-Bormann type 1";"6"
"30440";"7";"AGC-Bormann type 2";"7"
"30440";"8";"AGC-Bormann type 3";"8"
"30440";"9";"AGC-Bormann type 4";"9"
"30440";"10";"AGC-Bormann type 5";"10"
"30440";"11";"Combination";"11"
"30440";"99";"기타/Unclassifiable";"12"
"30450";"1";"공단검진";"1"
"30450";"2";"내시경 시술 및 추적검사";"2"
"30450";"3";"수술후 추적검사";"3"
"30450";"4";"암예방검진센터 수검자";"4"
"30450";"5";"진단";"5"
"30450";"99";"기타";"6"
"30460";"1";"0";"1"
"30460";"2";"I";"2"
"30460";"3";"II";"3"
"30460";"4";"IIIa";"4"
"30460";"5";"IV";"5"
"30460";"6";"V";"6"
"30460";"7";"Not available";"7"
"30470";"1";"None";"1"
"30470";"2";"Bleeding";"2"
"30470";"3";"Perforation";"3"
"30470";"4";"Mallory-weiss tearing";"4"
"30470";"9";"기타";"5"
"30480";"1";"Type I";"1"
"30480";"2";"Type II";"2"
"30480";"3";"Type III";"3"
"30480";"4";"해당없음";"4"
"30490";"1";"Extremely dense";"1"
"30490";"2";"Fatty breast";"2"
"30490";"3";"Heterogeneously dense";"3"
"30490";"4";"Scattered fibroglandular";"4"
"30490";"9";"기타";"5"
"30500";"1";"EPclin score";"1"
"30500";"2";"Mammaprint Index";"2"
"30500";"3";"Oncotype Recurrence Score (RS)";"3"
"30500";"4";"Risk Assessment";"4"
"30500";"5";"Risk-of-Recurrence Result";"5"
"30510";"1";"BCI";"1"
"30510";"2";"Endopredict";"2"
"30510";"3";"GenesWell BCT";"3"
"30510";"4";"Mammaprint";"4"
"30510";"5";"Oncofree";"5"
"30510";"6";"Oncotype Dx";"6"
"30510";"99";"기타";"7"
"30520";"1";"Gx";"1"
"30520";"2";"G1";"2"
"30520";"3";"G2";"3"
"30520";"4";"G3";"4"
"30530";"1";"Well differentiated";"1"
"30530";"2";"Moderately differentiated";"2"
"30530";"3";"Poorly differentiated";"3"
"30530";"4";"Combined";"4"
"30530";"9";"기타";"5"
"30540";"1";"Adenosquamous carcinoma";"1"
"30540";"2";"Carcinoma with lymphoid stroma";"2"
"30540";"3";"DCIS ; Ductal carcinoma in situ";"3"
"30540";"4";"Gastrointestinal stromal tumor";"4"
"30540";"5";"Hepatoid adenocarcinoma";"5"
"30540";"6";"ILC ;Invasive lobular carcinoma";"6"
"30540";"7";"Invasive ductal carcinoma ;IDC, micro IDC";"7"
"30540";"8";"LCIS ; Lobular carcinoma in situ";"8"
"30540";"9";"Lymphoma";"9"
"30540";"10";"Malignant Phyllodes tumor";"10"
"30540";"11";"Medullary carcinoma";"11"
"30540";"12";"Metaplastic carcinoma";"12"
"30540";"13";"Mixed adenocarcinoma";"13"
"30540";"14";"Mucinous adenocarcinoma";"14"
"30540";"15";"Mucinous carcinoma";"15"
"30540";"16";"Neuroendocrine tumor";"16"
"30540";"17";"Paget/'s disease";"17"
"30540";"18";"Papillary adenocarcinoma";"18"
"30540";"19";"Papillary carcinoma";"19"
"30540";"20";"Poorly cohesive carcinoma(signet ring cell carcinoma 포함)";"20"
"30540";"21";"Sarcoma";"21"
"30540";"22";"Squamous cell carcinoma";"22"
"30540";"23";"Tubular adenocarcinoma";"23"
"30540";"24";"Tubular carcinoma";"24"
"30540";"25";"Undifferentiated carcinoma";"25"
"30540";"99";"기타";"26"
"30550";"Y";"Present";"1"
"30550";"N";"Absent";"2"
"30550";"Z";"Not evaluable";"3"
"30560";"1";"No residual";"1"
"30560";"2";"CIS only";"2"
"30560";"3";"Residual breast tumor";"3"
"30560";"4";"Residual LN meta";"4"
"30560";"5";"Residual breast tumor and LN meta";"5"
"30560";"99";"기타";"6"
"30580";"1";"Albumin";"1"
"30580";"2";"Alkaline Phosphatase";"2"
"30580";"3";"ALT";"3"
"30580";"4";"ANC";"4"
"30580";"5";"Basophil";"5"
"30580";"6";"CA 15-3";"6"
"30580";"7";"CA-125";"7"
"30580";"8";"CA19-9";"8"
"30580";"9";"CA72-4";"9"
"30580";"10";"Calcium";"10"
"30580";"11";"CEA";"11"
"30580";"12";"Creatinine";"12"
"30580";"13";"CRP";"13"
"30580";"14";"E2";"14"
"30580";"15";"Eosinophil";"15"
"30580";"16";"Ferritin";"16"
"30580";"17";"FSH";"17"
"30580";"18";"Glucose";"18"
"30580";"19";"Hb";"19"
"30580";"20";"Hematocrit";"20"
"30580";"21";"Hemoglobin";"21"
"30580";"22";"Iron";"22"
"30580";"23";"Lymphocyte";"23"
"30580";"24";"Monocyte";"24"
"30580";"25";"Neutrophil";"25"
"30580";"26";"Platelets";"26"
"30580";"27";"Protein";"27"
"30580";"28";"RBC";"28"
"30580";"29";"TIBC";"29"
"30580";"30";"Total Cholesterol";"30"
"30580";"31";"Vitamin B12";"31"
"30580";"32";"WBC";"32"
"30580";"99";"기타";"33"
"30600";"1";"Abdominal wall";"1"
"30600";"2";"Adrenal gland";"2"
"30600";"3";"Colon";"3"
"30600";"4";"Diaphragm";"4"
"30600";"5";"Gallbladder";"5"
"30600";"6";"Liver";"6"
"30600";"7";"Mesocolon";"7"
"30600";"8";"Pancreas";"8"
"30600";"9";"Retroperitoneum";"9"
"30600";"10";"Spleen";"10"
"30600";"99";"기타";"11"
"30610";"1";"Mucosa";"1"
"30610";"2";"Submucosa";"2"
"30610";"3";"Proper muscle";"3"
"30610";"4";"Subseroca";"4"
"30610";"5";"Serosa";"5"
"30610";"6";"Adjacent organ";"6"
"30610";"99";"기타";"7"
"30630";"Y";"Involved";"1"
"30630";"N";"Not involved";"2"
"30630";"Z";"No data";"3"
"40010";"1";"정상의 건강한 환자";"1"
"40010";"2";"경도의 전신 질환을 가진 환자";"2"
"40010";"3";"중등도의 중증 전신질환을 가진 환자";"3"
"40010";"4";"지속적으로 생명을 위협하는 중증의 전신질환을 가진 환자";"4"
"40010";"5";"수술하지 않으면 생명을 유지할 수 없는 정도의 중증질환을 가진 환자";"5"
"40010";"99";"장기 공여를 위한 수술 예정인 뇌사자";"6"
"40020";"1";"En bloc resection";"1"
"40020";"2";"Piecemeal resection";"2"
"40020";"3";"Failure";"3"
"40030";"1";"Elevated (I, IIa, IIa+IIc)";"1"
"40030";"2";"Flat (IIb)";"2"
"40030";"3";"Depressed  (IIc)";"3"
"40040";"1";"Lessor curvature";"1"
"40040";"2";"Greater curvature";"2"
"40040";"3";"Posterior wall";"3"
"40040";"4";"Anterior wall";"4"
"40050";"1";"Antrum";"1"
"40050";"2";"Angle";"2"
"40050";"3";"Lowerbody";"3"
"40050";"4";"Midbody";"4"
"40050";"5";"Upperbody or cardia";"5"
"40060";"1";"수술";"1"
"40060";"2";"내시경적치료 (clipping)";"2"
"40060";"3";"내시경치료 없이 보존치료 (산소투여 등)";"3"
"40080";"1";"Dye";"1"
"40080";"2";"ICG";"2"
"40080";"3";"Indigocarmine";"3"
"40080";"4";"Radioisotope";"4"
"40080";"9";"기타";"5"
"40090";"1";"Total";"1"
"40090";"2";"Partial";"2"
"40090";"3";"Not done";"3"
"40090";"4";"Not applicable";"4"
"40100";"1";"R0 resection";"1"
"40100";"2";"R1 resection";"2"
"40100";"3";"R2 resection";"3"
"40100";"4";"Not applicable";"4"
"40110";"1";"<D1";"1"
"40110";"2";"D1";"2"
"40110";"3";"D1+";"3"
"40110";"4";"D2";"4"
"40110";"5";"D2+";"5"
"40110";"6";"Sentinel basin dissection";"6"
"40110";"7";"None";"7"
"40110";"99";"기타";"8"
"40130";"1";"Curative";"1"
"40130";"2";"Palliative";"2"
"40130";"3";"Adjuvant";"3"
"40130";"4";"Neoadjuvant";"4"
"40130";"9";"기타";"5"
"40140";"1";"Abdomen wall";"1"
"40140";"2";"Bone";"2"
"40140";"3";"Boost";"3"
"40140";"4";"Brain";"4"
"40140";"5";"Breast";"5"
"40140";"6";"Distant lymph node";"6"
"40140";"7";"Liver";"7"
"40140";"8";"LN";"8"
"40140";"9";"Lung";"9"
"40140";"10";"Stomach";"10"
"40140";"99";"기타";"11"
"40150";"1";"Grade 1";"1"
"40150";"2";"Grade 2";"2"
"40150";"3";"Grade 3";"3"
"40150";"4";"Grade 4";"4"
"40150";"5";"Grade 5";"5"
"40160";"1";"급성(3개월 이내)";"1"
"40160";"2";"만성(3개월 초과)";"2"
"40170";"1";"Aches";"1"
"40170";"2";"Fatigue";"2"
"40170";"3";"Heart damage";"3"
"40170";"4";"Radiation pneumonitis";"4"
"40170";"5";"Skin irritation";"5"
"40170";"6";"Swelling of  breast";"6"
"40180";"1";"뇌 정위적 방사선수술";"1"
"40180";"2";"밀봉소선원치료";"2"
"40180";"3";"세기변조 방사선치료";"3"
"40180";"4";"양성자 치료";"4"
"40180";"5";"입체조형치료";"5"
"40180";"6";"전신조사";"6"
"40180";"7";"정위적 방사선 분할치료";"7"
"40180";"8";"체부 정위적 방사선수술";"8"
"40180";"9";"체외조사";"9"
"40180";"99";"기타";"10"
"40200";"1";"CR";"1"
"40200";"2";"PD";"2"
"40200";"3";"PR";"3"
"40200";"4";"SD";"4"
"40200";"5";"NE";"5"
"40200";"99";"기타";"6"
"40240";"1";"MAC";"1"
"40240";"2";"경막외";"2"
"40240";"3";"국소";"3"
"40240";"4";"신경차단";"4"
"40240";"5";"전신";"5"
"40240";"6";"정맥";"6"
"40240";"7";"척추";"7"
"40240";"8";"척추+경막외";"8"
"40240";"99";"기타";"9"
"40250";"1";"Curative";"1"
"40250";"2";"Palliative";"2"
"40250";"9";"기타";"3"
"40260";"1";"개복";"1"
"40260";"2";"내시경 복강경 협력 수술";"2"
"40260";"3";"로봇 보조";"3"
"40260";"4";"로봇-다공";"4"
"40260";"5";"로봇-단일공";"5"
"40260";"6";"복강경보조";"6"
"40260";"7";"전복강경 (다공, multi-port)";"7"
"40260";"8";"전복강경 (단일공, single port)";"8"
"40260";"99";"기타";"9"
"40270";"1";"Breast";"1"
"40270";"2";"LN";"2"
"40270";"9";"기타";"3"
"40280";"1";"No";"1"
"40280";"2";"IP chemo";"2"
"40280";"3";"HIPEC";"3"
"40280";"4";"LHIPEC";"4"
"40280";"5";"PIPAC";"5"
"40280";"99";"기타";"6"
"40290";"1";"Rt upper transverse incision & multi-ports";"1"
"40290";"2";"Short upper midline & multi-ports";"2"
"40290";"3";"Single port/ single incision";"3"
"40290";"4";"Umbilical incision & multi-ports";"4"
"40290";"5";"Upper midline";"5"
"40290";"99";"기타";"6"
"40300";"1";"Curved linear";"1"
"40300";"2";"Elliptical";"2"
"40300";"3";"Inframammary";"3"
"40300";"4";"Periareolar";"4"
"40300";"5";"Radial";"5"
"40300";"99";"기타";"6"
"40310";"1";"Augmentation Mammoplasty";"1"
"40310";"2";"Axillary Sentinel Lymph Node Excision";"2"
"40310";"3";"Breast conserving surgery";"3"
"40310";"4";"Breast Reconstruction";"4"
"40310";"5";"Dissection of  Axillary Lymph Node";"5"
"40310";"6";"Distal gastrectomy";"6"
"40310";"7";"Excision or destruction of breast tissue";"7"
"40310";"8";"Immediate Implant Insertion Following Mastectomy";"8"
"40310";"9";"Local excision of lesion of breast";"9"
"40310";"10";"Lumpectomy";"10"
"40310";"11";"Mastectomy With Axillary L/N Dissection";"11"
"40310";"12";"Mastectomy Without Axillary L/N Dissection";"12"
"40310";"13";"Modified radical mastectomy";"13"
"40310";"14";"Musculocutaneous Flap";"14"
"40310";"15";"Open and closure with biopsy";"15"
"40310";"16";"Other Mammoplasty";"16"
"40310";"17";"Partial Mastectomy";"17"
"40310";"18";"Proximal gastrectomy";"18"
"40310";"19";"Pylorus preserving gastrectomy";"19"
"40310";"20";"Reduction Mammoplasty";"20"
"40310";"21";"Resection of quadrant of breast";"21"
"40310";"22";"Revision of implant of breast";"22"
"40310";"23";"Segmental resection";"23"
"40310";"24";"Simple Mastectomy";"24"
"40310";"25";"Skin sparing mastectomy";"25"
"40310";"26";"Subcutaneous Mastectomy";"26"
"40310";"27";"Total gastrectomy";"27"
"40310";"28";"Wedge resection";"28"
"40310";"99";"기타";"29"
"40320";"1";"Central";"1"
"40320";"2";"Lower inner";"2"
"40320";"3";"Lower outer";"3"
"40320";"4";"Upper inner";"4"
"40320";"5";"Upper outer";"5"
"40320";"99";"기타";"6"
"40350";"1";"CR";"1"
"40350";"2";"PD";"2"
"40350";"3";"PR";"3"
"40350";"4";"SD";"4"
"40350";"5";"NE";"5"
"40350";"99";"기타";"6"
"40380";"1";"세포독성약제";"1"
"40380";"2";"항암표적약제";"2"
"40380";"3";"항암내분비약제";"3"
"40380";"4";"항암면역약제";"4"
"40380";"5";"기타항암약제";"5"
"40380";"99";"기타";"6"
"40390";"1";"항암약제";"1"
"40390";"9";"기타약제";"2"
"40400";"1";"Abemaciclib";"1"
"40400";"2";"Acetate";"2"
"40400";"3";"Albumin-bound paclitaxel";"3"
"40400";"4";"Anastrozole";"4"
"40400";"5";"Bevacizumab";"5"
"40400";"6";"Capecitabine";"6"
"40400";"7";"Carboplatin";"7"
"40400";"8";"Cetuximab";"8"
"40400";"9";"Cisplatin";"9"
"40400";"10";"Cyclophosphamide";"10"
"40400";"11";"Docetaxel";"11"
"40400";"12";"Doxorubicin";"12"
"40400";"13";"Epirubicin";"13"
"40400";"14";"Eribulin";"14"
"40400";"15";"Etoposide";"15"
"40400";"16";"Everolimus";"16"
"40400";"17";"Exemestane";"17"
"40400";"18";"Fluorouracil";"18"
"40400";"19";"Fulvestrant";"19"
"40400";"20";"Gemcitabine";"20"
"40400";"21";"Goserelin";"21"
"40400";"22";"Ifosfamide";"22"
"40400";"23";"Irinotecan";"23"
"40400";"24";"Irinotecan hydrochloride";"24"
"40400";"25";"lapatinib";"25"
"40400";"26";"Letrozole";"26"
"40400";"27";"Leucovorin";"27"
"40400";"28";"Leuprolide";"28"
"40400";"29";"Megestrol";"29"
"40400";"30";"Methotrexate";"30"
"40400";"31";"Mitomycin C";"31"
"40400";"32";"Nivolumab";"32"
"40400";"33";"Oxaliplatin";"33"
"40400";"34";"Paclitaxel";"34"
"40400";"35";"Palbociclib";"35"
"40400";"36";"Pembrolizumab";"36"
"40400";"37";"Pertuzumab";"37"
"40400";"38";"Ramucirumab";"38"
"40400";"39";"Ribociclib";"39"
"40400";"40";"Tamoxifen";"40"
"40400";"41";"Tegafur/gimeracil/oteracil(S-1)";"41"
"40400";"42";"Toremifene";"42"
"40400";"43";"Trastuzumab";"43"
"40400";"44";"Trastuzumab emtansine";"44"
"40400";"45";"Trifluridine-tipiracil";"45"
"40400";"46";"Vinorelbine";"46"
"40400";"99";"기타";"47"
"40420";"1";"AMP";"1"
"40420";"2";"cap";"2"
"40420";"3";"dos";"3"
"40420";"4";"ea";"4"
"40420";"5";"g";"5"
"40420";"6";"g/kg";"6"
"40420";"7";"g/m2";"7"
"40420";"8";"ke";"8"
"40420";"9";"kit";"9"
"40420";"10";"mcg";"10"
"40420";"11";"mcg/kg";"11"
"40420";"12";"mcg/m2";"12"
"40420";"13";"mg";"13"
"40420";"14";"mg/kg";"14"
"40420";"15";"mg/m2";"15"
"40420";"16";"ml";"16"
"40420";"17";"pfu";"17"
"40420";"18";"pkg";"18"
"40420";"19";"set";"19"
"40420";"20";"tab";"20"
"40420";"21";"unit";"21"
"40420";"99";"기타";"22"
"40440";"1";"경구";"1"
"40440";"2";"근육주사";"2"
"40440";"3";"정맥내주사";"3"
"40440";"4";"척수강내주사";"4"
"40440";"5";"피내주사";"5"
"40440";"6";"피하주사";"6"
"40440";"99";"기타";"7"
"40450";"1";"Open";"1"
"40450";"2";"Endoscopic";"2"
"40450";"3";"Robotic";"3"
"40450";"9";"기타";"4"
"40460";"1";"Advanced glandular";"1"
"40460";"2";"Direct to implant";"2"
"40460";"3";"Hand-sewing";"3"
"40460";"4";"LD flap";"4"
"40460";"5";"Not applicable";"5"
"40460";"6";"Stapler";"6"
"40460";"7";"Tissue expander";"7"
"40460";"8";"TRAM/DIEP";"8"
"40460";"9";"Vicryl mesh";"9"
"40460";"99";"기타";"10"
"40470";"1";"Immediate reconstruction";"1"
"40470";"2";"Delayed reconstruction";"2"
"40470";"3";"Oncoplastic";"3"
"40470";"4";"Not applicable";"4"
"40470";"9";"기타";"5"
"40480";"1";"Intracorporeal";"1"
"40480";"2";"Extracorporeal";"2"
"40480";"3";"Not applicable";"3"
"40480";"9";"기타";"4"
"40490";"1";"Billroth I";"1"
"40490";"2";"Billroth II";"2"
"40490";"3";"Double tract method";"3"
"40490";"4";"Esophagogastrostomy";"4"
"40490";"5";"Gastrogastrostomy";"5"
"40490";"6";"Primary repair";"6"
"40490";"7";"Roux-en-Y";"7"
"40490";"99";"기타";"8"
"40500";"1";"None";"1"
"40500";"2";"Colon";"2"
"40500";"3";"Gall Baldder";"3"
"40500";"4";"Liver";"4"
"40500";"5";"Pancreas";"5"
"40500";"6";"Spleen";"6"
"40500";"99";"기타";"7"
"40520";"1";"I";"1"
"40520";"2";"II";"2"
"40520";"3";"III";"3"
"40520";"4";"IV";"4"
"40520";"5";"V";"5"
"40530";"1";"Alopecia";"1"
"40530";"2";"Anorexia";"2"
"40530";"3";"Constipation";"3"
"40530";"4";"Diarrhea";"4"
"40530";"5";"Dry skin";"5"
"40530";"6";"Fatigue";"6"
"40530";"7";"Hand-foot syndrome";"7"
"40530";"8";"Leukopenia";"8"
"40530";"9";"Mucositis";"9"
"40530";"10";"Nausea/vomiting";"10"
"40530";"11";"Neuropathy";"11"
"40530";"12";"Skin rash";"12"
"40530";"99";"기타";"13"
"40550";"1";"Tumor progression";"1"
"40550";"2";"사망";"2"
"40550";"3";"추적관찰 소실";"3"
"40550";"4";"항암제 부작용";"4"
"40550";"9";"기타";"5"
"40560";"1";"Adjuvant";"1"
"40560";"2";"Concurrent";"2"
"40560";"3";"Consolidation";"3"
"40560";"4";"Induction";"4"
"40560";"5";"Maintenance";"5"
"40560";"6";"Neoadjuvant";"6"
"40560";"7";"Palliative";"7"
"40560";"8";"Salvage";"8"
"40560";"99";"기타";"9"
"40570";"1";"CR";"1"
"40570";"2";"PD";"2"
"40570";"3";"PR";"3"
"40570";"4";"SD";"4"
"40570";"5";"NE";"5"
"40570";"99";"기타";"6"
"40580";"1";"Apheresis platelet";"1"
"40580";"3";"Autotransfusion";"3"
"40580";"4";"Cryoprecipitate";"4"
"40580";"5";"Fresh frozen plasma";"5"
"40580";"6";"Platelet";"6"
"40580";"7";"Plateletpheresis (혈액원)";"7"
"40580";"8";"Pre-storage Leukocyte Filtered Red Blood Cells";"8"
"40580";"9";"Red blood cell";"9"
"40580";"10";"Washed red blood cell";"10"
"40580";"99";"기타";"11"
"50010";"1";"Bone";"1"
"50010";"2";"Brain";"2"
"50010";"3";"Breast(non-OP site)";"3"
"50010";"4";"Breast(OP site)";"4"
"50010";"5";"Distans LN";"5"
"50010";"6";"Liver";"6"
"50010";"7";"LN";"7"
"50010";"8";"Lung";"8"
"50010";"9";"Peritoneum";"9"
"50010";"99";"기타";"10"
"50020";"1";"Both Local & Distant";"1"
"50020";"2";"Distant(Systemic)";"2"
"50020";"3";"Locoregional";"3"
"50020";"9";"기타";"4"
"50030";"1";"Lymph node";"1"
"50030";"3";"Palpable mass";"3"
"50030";"4";"Skin change";"4"
"50030";"9";"기타";"5"
"50040";"1";"영상검사";"1"
"50040";"2";"조직검사";"2"
"50040";"9";"기타";"3"
"60010";"1";"남";"1"
"60010";"2";"여";"2"
"60020";"1";"간암";"1"
"60020";"2";"대장암";"2"
"60020";"3";"신장암";"3"
"60020";"4";"위암";"4"
"60020";"5";"유방암";"5"
"60020";"6";"자궁경부암";"6"
"60020";"7";"전립선";"7"
"60020";"8";"췌장암";"8"
"60020";"9";"폐암";"9"
"60020";"10";"혈액암";"10"
"60020";"99";"기타암";"11"
"60030";"1";"외국인";"1"
"60030";"2";"내국인";"2"
"60030";"9";"모름";"3"
"60040";"1";"행려환자";"1"
"60040";"2";"일반환자";"2"
"60040";"9";"모름";"3"
"60050";"1";"전문·기술직";"1"
"60050";"2";"행정 및 관리직";"2"
"60050";"3";"사무직";"3"
"60050";"4";"판매종사직";"4"
"60050";"5";"서비스직";"5"
"60050";"6";"농업, 어업, 축산업, 임업";"6"
"60050";"7";"생산직";"7"
"60050";"8";"운수업";"8"
"60050";"9";"단순노무직";"9"
"60050";"10";"분류불능";"10"
"60050";"11";"학생";"11"
"60050";"12";"군인";"12"
"60050";"13";"주부";"13"
"60050";"14";"무직";"14"
"60050";"99";"직업 모름";"15"
"60060";"1";"검진";"1"
"60060";"2";"우연한 발견(수술 시 검사하면서)";"2"
"60060";"3";"증상발현(임상적 발현)";"3"
"60060";"4";"미상";"4"
"60060";"9";"기타";"5"
"60070";"1";"Not a paired site";"1"
"60070";"2";"Right: origin of primary";"2"
"60070";"3";"Left: origin of primary";"3"
"60070";"4";"Only one side involved, right or left origin unspecified";"4"
"60070";"5";"Bilateral involvement at time of diagnosis, lateral origin unknown for a single primary";"5"
"60070";"6";"Paired site: midline tumor";"6"
"60070";"99";"Paired site, but no information concerning laterality";"7"
"60080";"1";"Grade I";"1"
"60080";"2";"Grade II";"2"
"60080";"3";"Grade III";"3"
"60080";"4";"Grade IV";"4"
"60080";"5";"T-cell";"5"
"60080";"6";"B-Cell";"6"
"60080";"7";"Null cell";"7"
"60080";"8";"NK cell";"8"
"60080";"99";"Not applicable";"9"
"60090";"1";"임상진단";"1"
"60090";"2";"임상검사";"2"
"60090";"3";"조직검사없는 진단적 수술/부검";"3"
"60090";"4";"특수 생화학적 또는 면역학적 검사";"4"
"60090";"5";"세포학적 또는 혈액학적 검사";"5"
"60090";"6";"전이부위 조직검사";"6"
"60090";"7";"원발부위 조직검사";"7"
"60090";"8";"부검";"8"
"60090";"99";"기타";"9"
"60100";"1";"시행";"1"
"60100";"2";"시행하지 않음";"2"
"60110";"1";"In situ";"1"
"60110";"2";"Localized only";"2"
"60110";"3";"Regional by direct extension only";"3"
"60110";"4";"Regional lymph nodes involved only";"4"
"60110";"5";"Regional by BOTH direct extension AND lymph node involvement";"5"
"60110";"6";"Regional, NOS (Not Otherwise Specified)";"6"
"60110";"7";"Distant site(s)/node(s) involved";"7"
"60110";"99";"Unknown if extension or metastasis (unstaged, unknown, or unspecified) Death certification only case";"8"
